measure	region	state	year	percent	rank
NAEP Mathematics 4	Census South	Alabama	2007	25.20341428	3
NAEP Mathematics 4	Census South	Alabama	2009	23.22289258	3
NAEP Mathematics 4	Census South	Alabama	2011	24.21532266	4
NAEP Mathematics 4	Census South	Alabama	2013	26.35509869	4
NAEP Mathematics 4	Census South	Alabama	2015	24.5272838	3
NAEP Mathematics 4	Census West	Alaska	2007	-9	-8
NAEP Mathematics 4	Census West	Alaska	2009	-9	-8
NAEP Mathematics 4	Census West	Alaska	2011	-9	-8
NAEP Mathematics 4	Census West	Alaska	2013	-9	-8
NAEP Mathematics 4	Census West	Alaska	2015	-9	-8
NAEP Mathematics 4	Census West	Arizona	2007	27.04088028	3
NAEP Mathematics 4	Census West	Arizona	2009	24.49843803	4
NAEP Mathematics 4	Census West	Arizona	2011	35.55977323	2
NAEP Mathematics 4	Census West	Arizona	2013	38.14105361	3
NAEP Mathematics 4	Census West	Arizona	2015	34.10066492	3
NAEP Mathematics 4	Census South	Arkansas	2007	36.82619196	3
NAEP Mathematics 4	Census South	Arkansas	2009	39.39180136	1
NAEP Mathematics 4	Census South	Arkansas	2011	38.32179917	1
NAEP Mathematics 4	Census South	Arkansas	2013	39.35135678	3
NAEP Mathematics 4	Census South	Arkansas	2015	30.8108096	3
NAEP Mathematics 4	Census West	California	2007	33.32283648	1
NAEP Mathematics 4	Census West	California	2009	32.66630421	1
NAEP Mathematics 4	Census West	California	2011	53.56930634	1
NAEP Mathematics 4	Census West	California	2013	31.01666499	3
NAEP Mathematics 4	Census West	California	2015	26.02113978	3
NAEP Mathematics 4	Census West	Colorado	2007	49.4751694	1
NAEP Mathematics 4	Census West	Colorado	2009	48.13499504	2
NAEP Mathematics 4	Census West	Colorado	2011	53.81221976	1
NAEP Mathematics 4	Census West	Colorado	2013	57.14313627	1
NAEP Mathematics 4	Census West	Colorado	2015	55.31113564	1
NAEP Mathematics 4	Census Northeast	Connecticut	2007	55.84270408	1
NAEP Mathematics 4	Census Northeast	Connecticut	2009	64.22962551	1
NAEP Mathematics 4	Census Northeast	Connecticut	2011	53.00147275	1
NAEP Mathematics 4	Census Northeast	Connecticut	2013	64.2306073	1
NAEP Mathematics 4	Census Northeast	Connecticut	2015	54.96938249	1
NAEP Mathematics 4	Census South	Delaware	2007	40.09468772	3
NAEP Mathematics 4	Census South	Delaware	2009	35.46577098	3
NAEP Mathematics 4	Census South	Delaware	2011	41.39758384	3
NAEP Mathematics 4	Census South	Delaware	2013	43.99942891	3
NAEP Mathematics 4	Census South	Delaware	2015	42.15747979	1
NAEP Mathematics 4	Census South	District of Columbia	2007	-9	-8
NAEP Mathematics 4	Census South	District of Columbia	2009	-9	-8
NAEP Mathematics 4	Census South	District of Columbia	2011	-9	-8
NAEP Mathematics 4	Census South	District of Columbia	2013	-9	-8
NAEP Mathematics 4	Census South	District of Columbia	2015	-9	-8
NAEP Mathematics 4	Census South	Florida	2007	41.83883005	1
NAEP Mathematics 4	Census South	Florida	2009	40.81134601	2
NAEP Mathematics 4	Census South	Florida	2011	38.21497639	2
NAEP Mathematics 4	Census South	Florida	2013	44.90818712	1
NAEP Mathematics 4	Census South	Florida	2015	45.9092142	1
NAEP Mathematics 4	Census South	Georgia	2007	31.04397495	2
NAEP Mathematics 4	Census South	Georgia	2009	33.89996632	2
NAEP Mathematics 4	Census South	Georgia	2011	38.25434965	2
NAEP Mathematics 4	Census South	Georgia	2013	38.4697492	2
NAEP Mathematics 4	Census South	Georgia	2015	28.54436443	3
NAEP Mathematics 4	Census West	Hawaii	2007	39.19635149	2
NAEP Mathematics 4	Census West	Hawaii	2009	32.39895886	3
NAEP Mathematics 4	Census West	Hawaii	2011	34.15860941	3
NAEP Mathematics 4	Census West	Hawaii	2013	41.32783046	4
NAEP Mathematics 4	Census West	Hawaii	2015	25.92125355	4
NAEP Mathematics 4	Census West	Idaho	2007	38.6370316	3
NAEP Mathematics 4	Census West	Idaho	2009	40.33690008	3
NAEP Mathematics 4	Census West	Idaho	2011	41.21761694	2
NAEP Mathematics 4	Census West	Idaho	2013	39.67389266	3
NAEP Mathematics 4	Census West	Idaho	2015	34.79217487	4
NAEP Mathematics 4	Census Midwest	Illinois	2007	50.24687402	1
NAEP Mathematics 4	Census Midwest	Illinois	2009	41.09275491	2
NAEP Mathematics 4	Census Midwest	Illinois	2011	40.36991519	2
NAEP Mathematics 4	Census Midwest	Illinois	2013	39.45729539	2
NAEP Mathematics 4	Census Midwest	Illinois	2015	33.5979553	2
NAEP Mathematics 4	Census Midwest	Indiana	2007	49.89258322	1
NAEP Mathematics 4	Census Midwest	Indiana	2009	47.20469633	1
NAEP Mathematics 4	Census Midwest	Indiana	2011	48.1253673	2
NAEP Mathematics 4	Census Midwest	Indiana	2013	54.56990284	2
NAEP Mathematics 4	Census Midwest	Indiana	2015	53.580885	1
NAEP Mathematics 4	Census Midwest	Iowa	2007	44.49124786	2
NAEP Mathematics 4	Census Midwest	Iowa	2009	45.24115581	1
NAEP Mathematics 4	Census Midwest	Iowa	2011	45.18385344	2
NAEP Mathematics 4	Census Midwest	Iowa	2013	48.67254145	2
NAEP Mathematics 4	Census Midwest	Iowa	2015	45.28090375	2
NAEP Mathematics 4	Census Midwest	Kansas	2007	53.11790268	2
NAEP Mathematics 4	Census Midwest	Kansas	2009	50.92083015	2
NAEP Mathematics 4	Census Midwest	Kansas	2011	52.18835044	1
NAEP Mathematics 4	Census Midwest	Kansas	2013	49.46028916	2
NAEP Mathematics 4	Census Midwest	Kansas	2015	46.95003607	2
NAEP Mathematics 4	Census South	Kentucky	2007	28.80011823	4
NAEP Mathematics 4	Census South	Kentucky	2009	36.4792426	2
NAEP Mathematics 4	Census South	Kentucky	2011	39.30823674	2
NAEP Mathematics 4	Census South	Kentucky	2013	42.79068294	2
NAEP Mathematics 4	Census South	Kentucky	2015	36.7580579	4
NAEP Mathematics 4	Census South	Louisiana	2007	23.01457003	2
NAEP Mathematics 4	Census South	Louisiana	2009	25.69422473	2
NAEP Mathematics 4	Census South	Louisiana	2011	27.29677616	2
NAEP Mathematics 4	Census South	Louisiana	2013	28.77004871	2
NAEP Mathematics 4	Census South	Louisiana	2015	28.80425045	2
NAEP Mathematics 4	Census Northeast	Maine	2007	37.9010949	4
NAEP Mathematics 4	Census Northeast	Maine	2009	44.39703938	3
NAEP Mathematics 4	Census Northeast	Maine	2011	45.09248408	2
NAEP Mathematics 4	Census Northeast	Maine	2013	46.63688369	3
NAEP Mathematics 4	Census Northeast	Maine	2015	39.65293457	3
NAEP Mathematics 4	Census South	Maryland	2007	45.69096019	1
NAEP Mathematics 4	Census South	Maryland	2009	56.07806053	1
NAEP Mathematics 4	Census South	Maryland	2011	60.91581475	1
NAEP Mathematics 4	Census South	Maryland	2013	57.24616236	1
NAEP Mathematics 4	Census South	Maryland	2015	53.11329703	1
NAEP Mathematics 4	Census Northeast	Massachusetts	2007	62.82888985	1
NAEP Mathematics 4	Census Northeast	Massachusetts	2009	59.81079992	2
NAEP Mathematics 4	Census Northeast	Massachusetts	2011	65.2332103	1
NAEP Mathematics 4	Census Northeast	Massachusetts	2013	66.05627956	1
NAEP Mathematics 4	Census Northeast	Massachusetts	2015	60.15804115	1
NAEP Mathematics 4	Census Midwest	Michigan	2007	42.54673693	2
NAEP Mathematics 4	Census Midwest	Michigan	2009	39.92105214	2
NAEP Mathematics 4	Census Midwest	Michigan	2011	39.30361995	2
NAEP Mathematics 4	Census Midwest	Michigan	2013	41.59301264	1
NAEP Mathematics 4	Census Midwest	Michigan	2015	32.38230926	2
NAEP Mathematics 4	Census Midwest	Minnesota	2007	47.51141295	4
NAEP Mathematics 4	Census Midwest	Minnesota	2009	54.00574947	2
NAEP Mathematics 4	Census Midwest	Minnesota	2011	47.82334128	4
NAEP Mathematics 4	Census Midwest	Minnesota	2013	60.22195535	2
NAEP Mathematics 4	Census Midwest	Minnesota	2015	54.21485605	2
NAEP Mathematics 4	Census South	Mississippi	2007	21.75159289	2
NAEP Mathematics 4	Census South	Mississippi	2009	24.25284122	2
NAEP Mathematics 4	Census South	Mississippi	2011	27.81341691	2
NAEP Mathematics 4	Census South	Mississippi	2013	31.18540027	1
NAEP Mathematics 4	Census South	Mississippi	2015	31.93801953	2
NAEP Mathematics 4	Census Midwest	Missouri	2007	37.02920533	3
NAEP Mathematics 4	Census Midwest	Missouri	2009	39.81808894	2
NAEP Mathematics 4	Census Midwest	Missouri	2011	43.74546137	2
NAEP Mathematics 4	Census Midwest	Missouri	2013	44.23861061	1
NAEP Mathematics 4	Census Midwest	Missouri	2015	37.32929373	2
NAEP Mathematics 4	Census West	Montana	2007	42.06639057	4
NAEP Mathematics 4	Census West	Montana	2009	40.71675938	4
NAEP Mathematics 4	Census West	Montana	2011	41.77779353	3
NAEP Mathematics 4	Census West	Montana	2013	41.33913948	4
NAEP Mathematics 4	Census West	Montana	2015	39.32613524	3
NAEP Mathematics 4	Census Midwest	Nebraska	2007	42.55181708	2
NAEP Mathematics 4	Census Midwest	Nebraska	2009	40.3730832	1
NAEP Mathematics 4	Census Midwest	Nebraska	2011	45.19420211	1
NAEP Mathematics 4	Census Midwest	Nebraska	2013	52.14270793	1
NAEP Mathematics 4	Census Midwest	Nebraska	2015	50.06769186	2
NAEP Mathematics 4	Census West	Nevada	2007	38.76912366	1
NAEP Mathematics 4	Census West	Nevada	2009	39.78437088	1
NAEP Mathematics 4	Census West	Nevada	2011	45.38273154	1
NAEP Mathematics 4	Census West	Nevada	2013	39.72423769	1
NAEP Mathematics 4	Census West	Nevada	2015	42.95176804	1
NAEP Mathematics 4	Census Northeast	New Hampshire	2007	48.92802997	3
NAEP Mathematics 4	Census Northeast	New Hampshire	2009	55.6681645	2
NAEP Mathematics 4	Census Northeast	New Hampshire	2011	60.00543772	2
NAEP Mathematics 4	Census Northeast	New Hampshire	2013	59.1433236	2
NAEP Mathematics 4	Census Northeast	New Hampshire	2015	51.97893232	3
NAEP Mathematics 4	Census Northeast	New Jersey	2007	67.79503935	1
NAEP Mathematics 4	Census Northeast	New Jersey	2009	54.88052676	1
NAEP Mathematics 4	Census Northeast	New Jersey	2011	61.99338435	1
NAEP Mathematics 4	Census Northeast	New Jersey	2013	66.19900952	1
NAEP Mathematics 4	Census Northeast	New Jersey	2015	57.94181699	1
NAEP Mathematics 4	Census West	New Mexico	2007	21.23449373	4
NAEP Mathematics 4	Census West	New Mexico	2009	26.18401022	2
NAEP Mathematics 4	Census West	New Mexico	2011	28.22258816	3
NAEP Mathematics 4	Census West	New Mexico	2013	30.56279026	2
NAEP Mathematics 4	Census West	New Mexico	2015	28.61446866	1
NAEP Mathematics 4	Census Northeast	New York	2007	47.9187508	2
NAEP Mathematics 4	Census Northeast	New York	2009	45.22317959	2
NAEP Mathematics 4	Census Northeast	New York	2011	33.84507723	2
NAEP Mathematics 4	Census Northeast	New York	2013	40.17136281	2
NAEP Mathematics 4	Census Northeast	New York	2015	43.51708205	1
NAEP Mathematics 4	Census South	North Carolina	2007	42.60875983	2
NAEP Mathematics 4	Census South	North Carolina	2009	42.02933646	2
NAEP Mathematics 4	Census South	North Carolina	2011	43.00185489	4
NAEP Mathematics 4	Census South	North Carolina	2013	42.68930528	4
NAEP Mathematics 4	Census South	North Carolina	2015	41.55476438	3
NAEP Mathematics 4	Census Midwest	North Dakota	2007	40.79120311	3
NAEP Mathematics 4	Census Midwest	North Dakota	2009	41.49098903	3
NAEP Mathematics 4	Census Midwest	North Dakota	2011	44.60650278	2
NAEP Mathematics 4	Census Midwest	North Dakota	2013	47.27148571	3
NAEP Mathematics 4	Census Midwest	North Dakota	2015	41.22970909	3
NAEP Mathematics 4	Census Midwest	Ohio	2007	48.45663717	2
NAEP Mathematics 4	Census Midwest	Ohio	2009	48.58426864	2
NAEP Mathematics 4	Census Midwest	Ohio	2011	50.24930376	2
NAEP Mathematics 4	Census Midwest	Ohio	2013	56.1766241	1
NAEP Mathematics 4	Census Midwest	Ohio	2015	42.95318059	2
NAEP Mathematics 4	Census South	Oklahoma	2007	29.42357514	3
NAEP Mathematics 4	Census South	Oklahoma	2009	32.07133384	3
NAEP Mathematics 4	Census South	Oklahoma	2011	33.83674964	2
NAEP Mathematics 4	Census South	Oklahoma	2013	37.44530884	2
NAEP Mathematics 4	Census South	Oklahoma	2015	35.18309732	3
NAEP Mathematics 4	Census West	Oregon	2007	32.48449002	3
NAEP Mathematics 4	Census West	Oregon	2009	37.05325404	3
NAEP Mathematics 4	Census West	Oregon	2011	31.18602171	3
NAEP Mathematics 4	Census West	Oregon	2013	37.70875671	3
NAEP Mathematics 4	Census West	Oregon	2015	42.38251404	1
NAEP Mathematics 4	Census Northeast	Pennsylvania	2007	47.51384939	2
NAEP Mathematics 4	Census Northeast	Pennsylvania	2009	49.70347242	2
NAEP Mathematics 4	Census Northeast	Pennsylvania	2011	50.96644236	2
NAEP Mathematics 4	Census Northeast	Pennsylvania	2013	49.87111609	2
NAEP Mathematics 4	Census Northeast	Pennsylvania	2015	46.79379557	2
NAEP Mathematics 4	Census Northeast	Rhode Island	2007	51.13166117	1
NAEP Mathematics 4	Census Northeast	Rhode Island	2009	54.51363687	1
NAEP Mathematics 4	Census Northeast	Rhode Island	2011	59.47083096	1
NAEP Mathematics 4	Census Northeast	Rhode Island	2013	61.52360618	1
NAEP Mathematics 4	Census Northeast	Rhode Island	2015	52.55434599	1
NAEP Mathematics 4	Census South	South Carolina	2007	35.98720019	3
NAEP Mathematics 4	Census South	South Carolina	2009	32.11941547	3
NAEP Mathematics 4	Census South	South Carolina	2011	36.19730682	3
NAEP Mathematics 4	Census South	South Carolina	2013	32.15221638	3
NAEP Mathematics 4	Census South	South Carolina	2015	33.39779381	4
NAEP Mathematics 4	Census Midwest	South Dakota	2007	38.13464565	3
NAEP Mathematics 4	Census Midwest	South Dakota	2009	41.790701	2
NAEP Mathematics 4	Census Midwest	South Dakota	2011	36.94621866	3
NAEP Mathematics 4	Census Midwest	South Dakota	2013	40.53717765	3
NAEP Mathematics 4	Census Midwest	South Dakota	2015	36.82841224	3
NAEP Mathematics 4	Census South	Tennessee	2007	30.46091975	3
NAEP Mathematics 4	Census South	Tennessee	2009	29.00102403	2
NAEP Mathematics 4	Census South	Tennessee	2011	31.65819477	2
NAEP Mathematics 4	Census South	Tennessee	2013	38.94213399	3
NAEP Mathematics 4	Census South	Tennessee	2015	37.39059937	3
NAEP Mathematics 4	Census South	Texas	2007	36.75652287	3
NAEP Mathematics 4	Census South	Texas	2009	38.9198918	2
NAEP Mathematics 4	Census South	Texas	2011	49.27187324	1
NAEP Mathematics 4	Census South	Texas	2013	48.7893296	1
NAEP Mathematics 4	Census South	Texas	2015	43.47472771	3
NAEP Mathematics 4	Census West	Utah	2007	41.92142022	1
NAEP Mathematics 4	Census West	Utah	2009	49.12064958	1
NAEP Mathematics 4	Census West	Utah	2011	45.55259753	1
NAEP Mathematics 4	Census West	Utah	2013	50.54495024	1
NAEP Mathematics 4	Census West	Utah	2015	42.62094044	2
NAEP Mathematics 4	Census Northeast	Vermont	2007	-9	-8
NAEP Mathematics 4	Census Northeast	Vermont	2009	-9	-8
NAEP Mathematics 4	Census Northeast	Vermont	2011	-9	-8
NAEP Mathematics 4	Census Northeast	Vermont	2013	-9	-8
NAEP Mathematics 4	Census Northeast	Vermont	2015	-9	-8
NAEP Mathematics 4	Census South	Virginia	2007	36.58223913	3
NAEP Mathematics 4	Census South	Virginia	2009	37.52420001	4
NAEP Mathematics 4	Census South	Virginia	2011	43.86029758	2
NAEP Mathematics 4	Census South	Virginia	2013	43.73334108	4
NAEP Mathematics 4	Census South	Virginia	2015	37.07308313	4
NAEP Mathematics 4	Census West	Washington	2007	39.90404562	3
NAEP Mathematics 4	Census West	Washington	2009	35.60458479	4
NAEP Mathematics 4	Census West	Washington	2011	42.90224373	3
NAEP Mathematics 4	Census West	Washington	2013	50.15616952	3
NAEP Mathematics 4	Census West	Washington	2015	41.38429615	3
NAEP Mathematics 4	Census South	West Virginia	2007	28.61847087	4
NAEP Mathematics 4	Census South	West Virginia	2009	24.95632668	4
NAEP Mathematics 4	Census South	West Virginia	2011	25.54403341	4
NAEP Mathematics 4	Census South	West Virginia	2013	32.42967758	4
NAEP Mathematics 4	Census South	West Virginia	2015	29.6448759	4
NAEP Mathematics 4	Census Midwest	Wisconsin	2007	48.36742657	3
NAEP Mathematics 4	Census Midwest	Wisconsin	2009	47.0970587	3
NAEP Mathematics 4	Census Midwest	Wisconsin	2011	46.17999637	3
NAEP Mathematics 4	Census Midwest	Wisconsin	2013	51.2511394	3
NAEP Mathematics 4	Census Midwest	Wisconsin	2015	48.2581905	2
NAEP Mathematics 4	Census West	Wyoming	2007	44.9260754	2
NAEP Mathematics 4	Census West	Wyoming	2009	40.93554772	2
NAEP Mathematics 4	Census West	Wyoming	2011	46.0325841	2
NAEP Mathematics 4	Census West	Wyoming	2013	46.56119209	3
NAEP Mathematics 4	Census West	Wyoming	2015	47.38959463	3
NAEP Mathematics 8	Census South	Alabama	2007	15.57505814	3
NAEP Mathematics 8	Census South	Alabama	2009	18.36232894	3
NAEP Mathematics 8	Census South	Alabama	2011	18.2274386	4
NAEP Mathematics 8	Census South	Alabama	2013	20.30376589	3
NAEP Mathematics 8	Census South	Alabama	2015	12.29280954	4
NAEP Mathematics 8	Census West	Alaska	2007	-9	-8
NAEP Mathematics 8	Census West	Alaska	2009	-9	-8
NAEP Mathematics 8	Census West	Alaska	2011	-9	-8
NAEP Mathematics 8	Census West	Alaska	2013	-9	-8
NAEP Mathematics 8	Census West	Alaska	2015	-9	-8
NAEP Mathematics 8	Census West	Arizona	2007	21.60485524	4
NAEP Mathematics 8	Census West	Arizona	2009	27.00640376	3
NAEP Mathematics 8	Census West	Arizona	2011	32.14041715	2
NAEP Mathematics 8	Census West	Arizona	2013	30.21915403	2
NAEP Mathematics 8	Census West	Arizona	2015	33.12962885	2
NAEP Mathematics 8	Census South	Arkansas	2007	23.45553887	4
NAEP Mathematics 8	Census South	Arkansas	2009	27.3780584	2
NAEP Mathematics 8	Census South	Arkansas	2011	29.07166962	3
NAEP Mathematics 8	Census South	Arkansas	2013	26.9787973	3
NAEP Mathematics 8	Census South	Arkansas	2015	18.35563572	4
NAEP Mathematics 8	Census West	California	2007	23.30467974	2
NAEP Mathematics 8	Census West	California	2009	26.86474727	1
NAEP Mathematics 8	Census West	California	2011	27.41609495	3
NAEP Mathematics 8	Census West	California	2013	34.34768705	1
NAEP Mathematics 8	Census West	California	2015	22.60686433	4
NAEP Mathematics 8	Census West	Colorado	2007	48.67663896	1
NAEP Mathematics 8	Census West	Colorado	2009	45.80046633	1
NAEP Mathematics 8	Census West	Colorado	2011	48.15797632	2
NAEP Mathematics 8	Census West	Colorado	2013	46.57785656	2
NAEP Mathematics 8	Census West	Colorado	2015	40.36889171	2
NAEP Mathematics 8	Census Northeast	Connecticut	2007	40.25335484	2
NAEP Mathematics 8	Census Northeast	Connecticut	2009	52.57464654	1
NAEP Mathematics 8	Census Northeast	Connecticut	2011	50.76262137	1
NAEP Mathematics 8	Census Northeast	Connecticut	2013	50.25687638	1
NAEP Mathematics 8	Census Northeast	Connecticut	2015	48.11582172	1
NAEP Mathematics 8	Census South	Delaware	2007	37.62081648	1
NAEP Mathematics 8	Census South	Delaware	2009	37.32515639	1
NAEP Mathematics 8	Census South	Delaware	2011	36.32567438	1
NAEP Mathematics 8	Census South	Delaware	2013	36.67320013	1
NAEP Mathematics 8	Census South	Delaware	2015	34.91804406	1
NAEP Mathematics 8	Census South	District of Columbia	2007	-9	-8
NAEP Mathematics 8	Census South	District of Columbia	2009	-9	-8
NAEP Mathematics 8	Census South	District of Columbia	2011	-9	-8
NAEP Mathematics 8	Census South	District of Columbia	2013	-9	-8
NAEP Mathematics 8	Census South	District of Columbia	2015	-9	-8
NAEP Mathematics 8	Census South	Florida	2007	28.92946654	2
NAEP Mathematics 8	Census South	Florida	2009	35.14146076	1
NAEP Mathematics 8	Census South	Florida	2011	29.89988575	1
NAEP Mathematics 8	Census South	Florida	2013	34.15613587	1
NAEP Mathematics 8	Census South	Florida	2015	28.57645083	1
NAEP Mathematics 8	Census South	Georgia	2007	25.36429647	3
NAEP Mathematics 8	Census South	Georgia	2009	26.08102009	2
NAEP Mathematics 8	Census South	Georgia	2011	27.90017891	2
NAEP Mathematics 8	Census South	Georgia	2013	28.75368146	2
NAEP Mathematics 8	Census South	Georgia	2015	24.21679402	2
NAEP Mathematics 8	Census West	Hawaii	2007	18.50813547	3
NAEP Mathematics 8	Census West	Hawaii	2009	20.85727012	4
NAEP Mathematics 8	Census West	Hawaii	2011	31.29185178	2
NAEP Mathematics 8	Census West	Hawaii	2013	28.61380897	4
NAEP Mathematics 8	Census West	Hawaii	2015	26.35248199	3
NAEP Mathematics 8	Census West	Idaho	2007	33.06288456	3
NAEP Mathematics 8	Census West	Idaho	2009	36.2149785	3
NAEP Mathematics 8	Census West	Idaho	2011	31.79178395	4
NAEP Mathematics 8	Census West	Idaho	2013	35.95244496	3
NAEP Mathematics 8	Census West	Idaho	2015	29.39932303	4
NAEP Mathematics 8	Census Midwest	Illinois	2007	34.04634679	2
NAEP Mathematics 8	Census Midwest	Illinois	2009	34.88062572	2
NAEP Mathematics 8	Census Midwest	Illinois	2011	36.92036617	1
NAEP Mathematics 8	Census Midwest	Illinois	2013	42.44699741	1
NAEP Mathematics 8	Census Midwest	Illinois	2015	37.7689517	1
NAEP Mathematics 8	Census Midwest	Indiana	2007	40.02725038	1
NAEP Mathematics 8	Census Midwest	Indiana	2009	40.126001	1
NAEP Mathematics 8	Census Midwest	Indiana	2011	38.37732465	1
NAEP Mathematics 8	Census Midwest	Indiana	2013	44.16057015	1
NAEP Mathematics 8	Census Midwest	Indiana	2015	36.76445449	2
NAEP Mathematics 8	Census Midwest	Iowa	2007	39.57779312	1
NAEP Mathematics 8	Census Midwest	Iowa	2009	35.06185023	2
NAEP Mathematics 8	Census Midwest	Iowa	2011	38.94289598	2
NAEP Mathematics 8	Census Midwest	Iowa	2013	39.07045865	2
NAEP Mathematics 8	Census Midwest	Iowa	2015	40.85443688	2
NAEP Mathematics 8	Census Midwest	Kansas	2007	43.57195323	2
NAEP Mathematics 8	Census Midwest	Kansas	2009	40.87601075	2
NAEP Mathematics 8	Census Midwest	Kansas	2011	46.82149866	2
NAEP Mathematics 8	Census Midwest	Kansas	2013	46.210672	2
NAEP Mathematics 8	Census Midwest	Kansas	2015	33.44377069	2
NAEP Mathematics 8	Census South	Kentucky	2007	25.73857623	3
NAEP Mathematics 8	Census South	Kentucky	2009	27.05155481	3
NAEP Mathematics 8	Census South	Kentucky	2011	31.18973307	2
NAEP Mathematics 8	Census South	Kentucky	2013	29.0683496	3
NAEP Mathematics 8	Census South	Kentucky	2015	25.05544357	4
NAEP Mathematics 8	Census South	Louisiana	2007	18.12577999	3
NAEP Mathematics 8	Census South	Louisiana	2009	19.24113407	3
NAEP Mathematics 8	Census South	Louisiana	2011	27.23115162	1
NAEP Mathematics 8	Census South	Louisiana	2013	20.09386721	3
NAEP Mathematics 8	Census South	Louisiana	2015	19.07270365	2
NAEP Mathematics 8	Census Northeast	Maine	2007	32.27045409	3
NAEP Mathematics 8	Census Northeast	Maine	2009	35.86205398	2
NAEP Mathematics 8	Census Northeast	Maine	2011	37.46200608	3
NAEP Mathematics 8	Census Northeast	Maine	2013	36.78676609	4
NAEP Mathematics 8	Census Northeast	Maine	2015	34.56797943	3
NAEP Mathematics 8	Census South	Maryland	2007	44.8048832	1
NAEP Mathematics 8	Census South	Maryland	2009	50.89528289	1
NAEP Mathematics 8	Census South	Maryland	2011	48.32171955	2
NAEP Mathematics 8	Census South	Maryland	2013	44.92785718	1
NAEP Mathematics 8	Census South	Maryland	2015	43.26372626	1
NAEP Mathematics 8	Census Northeast	Massachusetts	2007	53.87693406	2
NAEP Mathematics 8	Census Northeast	Massachusetts	2009	60.89857629	1
NAEP Mathematics 8	Census Northeast	Massachusetts	2011	56.75951062	1
NAEP Mathematics 8	Census Northeast	Massachusetts	2013	64.06412905	1
NAEP Mathematics 8	Census Northeast	Massachusetts	2015	47.46351298	2
NAEP Mathematics 8	Census Midwest	Michigan	2007	29.32963948	3
NAEP Mathematics 8	Census Midwest	Michigan	2009	35.64520934	1
NAEP Mathematics 8	Census Midwest	Michigan	2011	33.16787314	2
NAEP Mathematics 8	Census Midwest	Michigan	2013	29.51634785	3
NAEP Mathematics 8	Census Midwest	Michigan	2015	27.7395088	3
NAEP Mathematics 8	Census Midwest	Minnesota	2007	43.27403082	2
NAEP Mathematics 8	Census Midwest	Minnesota	2009	45.67144796	2
NAEP Mathematics 8	Census Midwest	Minnesota	2011	48.19798074	2
NAEP Mathematics 8	Census Midwest	Minnesota	2013	44.68320139	3
NAEP Mathematics 8	Census Midwest	Minnesota	2015	46.62024894	3
NAEP Mathematics 8	Census South	Mississippi	2007	13.23643972	2
NAEP Mathematics 8	Census South	Mississippi	2009	14.34077537	3
NAEP Mathematics 8	Census South	Mississippi	2011	17.73701037	3
NAEP Mathematics 8	Census South	Mississippi	2013	23.81608327	2
NAEP Mathematics 8	Census South	Mississippi	2015	19.99813066	2
NAEP Mathematics 8	Census Midwest	Missouri	2007	31.19434181	2
NAEP Mathematics 8	Census Midwest	Missouri	2009	30.14107016	4
NAEP Mathematics 8	Census Midwest	Missouri	2011	31.9073713	2
NAEP Mathematics 8	Census Midwest	Missouri	2013	34.74487901	2
NAEP Mathematics 8	Census Midwest	Missouri	2015	28.02217011	3
NAEP Mathematics 8	Census West	Montana	2007	35.2649043	4
NAEP Mathematics 8	Census West	Montana	2009	43.63675022	2
NAEP Mathematics 8	Census West	Montana	2011	42.69314776	3
NAEP Mathematics 8	Census West	Montana	2013	39.40477806	3
NAEP Mathematics 8	Census West	Montana	2015	40.90209257	1
NAEP Mathematics 8	Census Midwest	Nebraska	2007	39.96706341	1
NAEP Mathematics 8	Census Midwest	Nebraska	2009	38.80546631	1
NAEP Mathematics 8	Census Midwest	Nebraska	2011	37.03982008	1
NAEP Mathematics 8	Census Midwest	Nebraska	2013	38.15649596	1
NAEP Mathematics 8	Census Midwest	Nebraska	2015	42.5039312	1
NAEP Mathematics 8	Census West	Nevada	2007	28.42741321	1
NAEP Mathematics 8	Census West	Nevada	2009	30.87512673	1
NAEP Mathematics 8	Census West	Nevada	2011	27.9230278	3
NAEP Mathematics 8	Census West	Nevada	2013	32.74411266	1
NAEP Mathematics 8	Census West	Nevada	2015	15.89986396	4
NAEP Mathematics 8	Census Northeast	New Hampshire	2007	40.41694762	1
NAEP Mathematics 8	Census Northeast	New Hampshire	2009	45.20623332	1
NAEP Mathematics 8	Census Northeast	New Hampshire	2011	47.93455671	1
NAEP Mathematics 8	Census Northeast	New Hampshire	2013	51.90481422	1
NAEP Mathematics 8	Census Northeast	New Hampshire	2015	49.97725571	1
NAEP Mathematics 8	Census Northeast	New Jersey	2007	46.72504894	1
NAEP Mathematics 8	Census Northeast	New Jersey	2009	49.12968135	1
NAEP Mathematics 8	Census Northeast	New Jersey	2011	46.52219624	2
NAEP Mathematics 8	Census Northeast	New Jersey	2013	54.33298955	1
NAEP Mathematics 8	Census Northeast	New Jersey	2015	52.78834792	1
NAEP Mathematics 8	Census West	New Mexico	2007	14.28661983	4
NAEP Mathematics 8	Census West	New Mexico	2009	22.46282269	1
NAEP Mathematics 8	Census West	New Mexico	2011	22.22030835	3
NAEP Mathematics 8	Census West	New Mexico	2013	21.69121751	4
NAEP Mathematics 8	Census West	New Mexico	2015	14.77275925	4
NAEP Mathematics 8	Census Northeast	New York	2007	35.22121749	2
NAEP Mathematics 8	Census Northeast	New York	2009	40.25030096	2
NAEP Mathematics 8	Census Northeast	New York	2011	38.23122561	1
NAEP Mathematics 8	Census Northeast	New York	2013	29.09837741	3
NAEP Mathematics 8	Census Northeast	New York	2015	33.51958828	2
NAEP Mathematics 8	Census South	North Carolina	2007	33.85538119	2
NAEP Mathematics 8	Census South	North Carolina	2009	35.91701146	2
NAEP Mathematics 8	Census South	North Carolina	2011	36.68079256	2
NAEP Mathematics 8	Census South	North Carolina	2013	35.54573432	3
NAEP Mathematics 8	Census South	North Carolina	2015	27.39871828	3
NAEP Mathematics 8	Census Midwest	North Dakota	2007	38.92525979	4
NAEP Mathematics 8	Census Midwest	North Dakota	2009	42.14080767	3
NAEP Mathematics 8	Census Midwest	North Dakota	2011	40.40334134	4
NAEP Mathematics 8	Census Midwest	North Dakota	2013	39.77568302	3
NAEP Mathematics 8	Census Midwest	North Dakota	2015	37.68493064	3
NAEP Mathematics 8	Census Midwest	Ohio	2007	42.06133336	1
NAEP Mathematics 8	Census Midwest	Ohio	2009	35.43945898	3
NAEP Mathematics 8	Census Midwest	Ohio	2011	43.4863528	2
NAEP Mathematics 8	Census Midwest	Ohio	2013	44.73274022	2
NAEP Mathematics 8	Census Midwest	Ohio	2015	36.41499209	2
NAEP Mathematics 8	Census South	Oklahoma	2007	18.63764465	3
NAEP Mathematics 8	Census South	Oklahoma	2009	21.72106221	3
NAEP Mathematics 8	Census South	Oklahoma	2011	22.87454921	4
NAEP Mathematics 8	Census South	Oklahoma	2013	24.59531768	3
NAEP Mathematics 8	Census South	Oklahoma	2015	17.96225654	4
NAEP Mathematics 8	Census West	Oregon	2007	28.58332737	3
NAEP Mathematics 8	Census West	Oregon	2009	35.27148409	3
NAEP Mathematics 8	Census West	Oregon	2011	31.7289884	3
NAEP Mathematics 8	Census West	Oregon	2013	29.04598099	3
NAEP Mathematics 8	Census West	Oregon	2015	34.99351795	2
NAEP Mathematics 8	Census Northeast	Pennsylvania	2007	36.29821396	3
NAEP Mathematics 8	Census Northeast	Pennsylvania	2009	44.31206592	2
NAEP Mathematics 8	Census Northeast	Pennsylvania	2011	44.22944532	1
NAEP Mathematics 8	Census Northeast	Pennsylvania	2013	40.49443317	2
NAEP Mathematics 8	Census Northeast	Pennsylvania	2015	43.01180261	1
NAEP Mathematics 8	Census Northeast	Rhode Island	2007	36.29495693	1
NAEP Mathematics 8	Census Northeast	Rhode Island	2009	33.77976099	2
NAEP Mathematics 8	Census Northeast	Rhode Island	2011	44.25077173	1
NAEP Mathematics 8	Census Northeast	Rhode Island	2013	44.76968884	1
NAEP Mathematics 8	Census Northeast	Rhode Island	2015	45.54446721	1
NAEP Mathematics 8	Census South	South Carolina	2007	32.10154195	3
NAEP Mathematics 8	Census South	South Carolina	2009	29.17758521	2
NAEP Mathematics 8	Census South	South Carolina	2011	31.27960603	3
NAEP Mathematics 8	Census South	South Carolina	2013	32.29172199	2
NAEP Mathematics 8	Census South	South Carolina	2015	24.26032797	3
NAEP Mathematics 8	Census Midwest	South Dakota	2007	38.7388365	2
NAEP Mathematics 8	Census Midwest	South Dakota	2009	38.8031983	3
NAEP Mathematics 8	Census Midwest	South Dakota	2011	39.30195899	3
NAEP Mathematics 8	Census Midwest	South Dakota	2013	39.58808568	2
NAEP Mathematics 8	Census Midwest	South Dakota	2015	30.50417995	3
NAEP Mathematics 8	Census South	Tennessee	2007	23.9624928	2
NAEP Mathematics 8	Census South	Tennessee	2009	22.70530992	3
NAEP Mathematics 8	Census South	Tennessee	2011	22.72799813	2
NAEP Mathematics 8	Census South	Tennessee	2013	27.8100885	2
NAEP Mathematics 8	Census South	Tennessee	2015	28.73225616	2
NAEP Mathematics 8	Census South	Texas	2007	36.85478514	2
NAEP Mathematics 8	Census South	Texas	2009	38.79468069	2
NAEP Mathematics 8	Census South	Texas	2011	42.68239018	1
NAEP Mathematics 8	Census South	Texas	2013	42.00643482	1
NAEP Mathematics 8	Census South	Texas	2015	36.68495194	1
NAEP Mathematics 8	Census West	Utah	2007	27.89466463	3
NAEP Mathematics 8	Census West	Utah	2009	34.84850184	2
NAEP Mathematics 8	Census West	Utah	2011	33.92854826	2
NAEP Mathematics 8	Census West	Utah	2013	36.61098197	2
NAEP Mathematics 8	Census West	Utah	2015	38.38205409	2
NAEP Mathematics 8	Census Northeast	Vermont	2007	-9	-8
NAEP Mathematics 8	Census Northeast	Vermont	2009	-9	-8
NAEP Mathematics 8	Census Northeast	Vermont	2011	-9	-8
NAEP Mathematics 8	Census Northeast	Vermont	2013	-9	-8
NAEP Mathematics 8	Census Northeast	Vermont	2015	-9	-8
NAEP Mathematics 8	Census South	Virginia	2007	32.94952956	2
NAEP Mathematics 8	Census South	Virginia	2009	32.90607024	2
NAEP Mathematics 8	Census South	Virginia	2011	34.35366082	3
NAEP Mathematics 8	Census South	Virginia	2013	35.51151224	3
NAEP Mathematics 8	Census South	Virginia	2015	31.1916465	2
NAEP Mathematics 8	Census West	Washington	2007	32.88353163	4
NAEP Mathematics 8	Census West	Washington	2009	37.16377289	3
NAEP Mathematics 8	Census West	Washington	2011	44.6281841	1
NAEP Mathematics 8	Census West	Washington	2013	38.8790193	3
NAEP Mathematics 8	Census West	Washington	2015	38.33642032	2
NAEP Mathematics 8	Census South	West Virginia	2007	16.55690296	4
NAEP Mathematics 8	Census South	West Virginia	2009	17.29555151	4
NAEP Mathematics 8	Census South	West Virginia	2011	21.12795382	3
NAEP Mathematics 8	Census South	West Virginia	2013	21.04284251	4
NAEP Mathematics 8	Census South	West Virginia	2015	16.50453818	4
NAEP Mathematics 8	Census Midwest	Wisconsin	2007	36.6642424	3
NAEP Mathematics 8	Census Midwest	Wisconsin	2009	40.82958856	2
NAEP Mathematics 8	Census Midwest	Wisconsin	2011	39.60025046	3
NAEP Mathematics 8	Census Midwest	Wisconsin	2013	38.61114922	3
NAEP Mathematics 8	Census Midwest	Wisconsin	2015	45.24976065	2
NAEP Mathematics 8	Census West	Wyoming	2007	34.21597497	2
NAEP Mathematics 8	Census West	Wyoming	2009	34.2671066	3
NAEP Mathematics 8	Census West	Wyoming	2011	38.06006379	2
NAEP Mathematics 8	Census West	Wyoming	2013	37.0119544	2
NAEP Mathematics 8	Census West	Wyoming	2015	34.57973293	2
NAEP Reading 4	Census South	Alabama	2007	31.17527868	2
NAEP Reading 4	Census South	Alabama	2009	28.66069397	2
NAEP Reading 4	Census South	Alabama	2011	31.79036976	3
NAEP Reading 4	Census South	Alabama	2013	30.85463764	2
NAEP Reading 4	Census South	Alabama	2015	29.2435709	2
NAEP Reading 4	Census West	Alaska	2007	-9	-8
NAEP Reading 4	Census West	Alaska	2009	-9	-8
NAEP Reading 4	Census West	Alaska	2011	-9	-8
NAEP Reading 4	Census West	Alaska	2013	-9	-8
NAEP Reading 4	Census West	Alaska	2015	-9	-8
NAEP Reading 4	Census West	Arizona	2007	21.56094911	3
NAEP Reading 4	Census West	Arizona	2009	24.40126032	2
NAEP Reading 4	Census West	Arizona	2011	28.60246977	2
NAEP Reading 4	Census West	Arizona	2013	26.29560139	3
NAEP Reading 4	Census West	Arizona	2015	34.04675945	2
NAEP Reading 4	Census South	Arkansas	2007	30.35807569	2
NAEP Reading 4	Census South	Arkansas	2009	30.4663778	2
NAEP Reading 4	Census South	Arkansas	2011	31.65371538	2
NAEP Reading 4	Census South	Arkansas	2013	31.03767783	4
NAEP Reading 4	Census South	Arkansas	2015	32.35393459	1
NAEP Reading 4	Census West	California	2007	27.46773106	1
NAEP Reading 4	Census West	California	2009	24.21945803	2
NAEP Reading 4	Census West	California	2011	37.47814663	1
NAEP Reading 4	Census West	California	2013	28.44896132	1
NAEP Reading 4	Census West	California	2015	35.22118766	1
NAEP Reading 4	Census West	Colorado	2007	39.72252778	2
NAEP Reading 4	Census West	Colorado	2009	46.30654333	1
NAEP Reading 4	Census West	Colorado	2011	45.05898938	1
NAEP Reading 4	Census West	Colorado	2013	45.06807868	2
NAEP Reading 4	Census West	Colorado	2015	45.93656833	1
NAEP Reading 4	Census Northeast	Connecticut	2007	51.69243735	1
NAEP Reading 4	Census Northeast	Connecticut	2009	54.20511085	1
NAEP Reading 4	Census Northeast	Connecticut	2011	48.12242964	1
NAEP Reading 4	Census Northeast	Connecticut	2013	50.5320704	1
NAEP Reading 4	Census Northeast	Connecticut	2015	62.13659242	1
NAEP Reading 4	Census South	Delaware	2007	37.83155454	1
NAEP Reading 4	Census South	Delaware	2009	35.37915043	3
NAEP Reading 4	Census South	Delaware	2011	36.71793243	3
NAEP Reading 4	Census South	Delaware	2013	39.98629217	2
NAEP Reading 4	Census South	Delaware	2015	39.8765676	2
NAEP Reading 4	Census South	District of Columbia	2007	-9	-8
NAEP Reading 4	Census South	District of Columbia	2009	-9	-8
NAEP Reading 4	Census South	District of Columbia	2011	-9	-8
NAEP Reading 4	Census South	District of Columbia	2013	-9	-8
NAEP Reading 4	Census South	District of Columbia	2015	-9	-8
NAEP Reading 4	Census South	Florida	2007	37.10162922	1
NAEP Reading 4	Census South	Florida	2009	35.98875975	2
NAEP Reading 4	Census South	Florida	2011	38.70151091	1
NAEP Reading 4	Census South	Florida	2013	46.03867524	1
NAEP Reading 4	Census South	Florida	2015	39.27274872	2
NAEP Reading 4	Census South	Georgia	2007	29.33179839	2
NAEP Reading 4	Census South	Georgia	2009	30.04176957	2
NAEP Reading 4	Census South	Georgia	2011	33.12126747	2
NAEP Reading 4	Census South	Georgia	2013	36.79494034	2
NAEP Reading 4	Census South	Georgia	2015	30.20566854	2
NAEP Reading 4	Census West	Hawaii	2007	26.81834315	2
NAEP Reading 4	Census West	Hawaii	2009	26.29039436	2
NAEP Reading 4	Census West	Hawaii	2011	19.14659026	4
NAEP Reading 4	Census West	Hawaii	2013	27.21316444	3
NAEP Reading 4	Census West	Hawaii	2015	17.53657974	4
NAEP Reading 4	Census West	Idaho	2007	31.6619393	4
NAEP Reading 4	Census West	Idaho	2009	27.85678957	4
NAEP Reading 4	Census West	Idaho	2011	34.27682949	2
NAEP Reading 4	Census West	Idaho	2013	31.27336202	4
NAEP Reading 4	Census West	Idaho	2015	33.38251158	3
NAEP Reading 4	Census Midwest	Illinois	2007	41.27304248	1
NAEP Reading 4	Census Midwest	Illinois	2009	37.66818462	1
NAEP Reading 4	Census Midwest	Illinois	2011	35.98522838	2
NAEP Reading 4	Census Midwest	Illinois	2013	32.5450142	3
NAEP Reading 4	Census Midwest	Illinois	2015	39.72845386	1
NAEP Reading 4	Census Midwest	Indiana	2007	33.15549504	3
NAEP Reading 4	Census Midwest	Indiana	2009	35.21470185	2
NAEP Reading 4	Census Midwest	Indiana	2011	35.16612547	2
NAEP Reading 4	Census Midwest	Indiana	2013	40.50533981	2
NAEP Reading 4	Census Midwest	Indiana	2015	44.47673314	1
NAEP Reading 4	Census Midwest	Iowa	2007	36.99135483	2
NAEP Reading 4	Census Midwest	Iowa	2009	34.45921336	2
NAEP Reading 4	Census Midwest	Iowa	2011	33.41394045	3
NAEP Reading 4	Census Midwest	Iowa	2013	39.95242792	2
NAEP Reading 4	Census Midwest	Iowa	2015	35.18213626	3
NAEP Reading 4	Census Midwest	Kansas	2007	39.06907299	2
NAEP Reading 4	Census Midwest	Kansas	2009	37.24763447	2
NAEP Reading 4	Census Midwest	Kansas	2011	39.49086248	2
NAEP Reading 4	Census Midwest	Kansas	2013	39.50351349	2
NAEP Reading 4	Census Midwest	Kansas	2015	37.23365915	2
NAEP Reading 4	Census South	Kentucky	2007	33.09409413	2
NAEP Reading 4	Census South	Kentucky	2009	35.36690776	2
NAEP Reading 4	Census South	Kentucky	2011	33.9936425	3
NAEP Reading 4	Census South	Kentucky	2013	39.4100352	1
NAEP Reading 4	Census South	Kentucky	2015	37.28223831	4
NAEP Reading 4	Census South	Louisiana	2007	19.70896817	2
NAEP Reading 4	Census South	Louisiana	2009	19.39162137	2
NAEP Reading 4	Census South	Louisiana	2011	23.18346467	2
NAEP Reading 4	Census South	Louisiana	2013	23.89025572	2
NAEP Reading 4	Census South	Louisiana	2015	29.90509892	2
NAEP Reading 4	Census Northeast	Maine	2007	31.41803313	4
NAEP Reading 4	Census Northeast	Maine	2009	33.94866122	2
NAEP Reading 4	Census Northeast	Maine	2011	30.81311876	4
NAEP Reading 4	Census Northeast	Maine	2013	36.11353753	2
NAEP Reading 4	Census Northeast	Maine	2015	34.28630795	3
NAEP Reading 4	Census South	Maryland	2007	41.44204962	1
NAEP Reading 4	Census South	Maryland	2009	47.24348948	1
NAEP Reading 4	Census South	Maryland	2011	50.65041512	1
NAEP Reading 4	Census South	Maryland	2013	56.59423523	2
NAEP Reading 4	Census South	Maryland	2015	43.98859784	1
NAEP Reading 4	Census Northeast	Massachusetts	2007	55.68494998	1
NAEP Reading 4	Census Northeast	Massachusetts	2009	51.18856465	2
NAEP Reading 4	Census Northeast	Massachusetts	2011	53.95385862	2
NAEP Reading 4	Census Northeast	Massachusetts	2013	47.25209345	2
NAEP Reading 4	Census Northeast	Massachusetts	2015	59.40409215	1
NAEP Reading 4	Census Midwest	Michigan	2007	35.44276173	2
NAEP Reading 4	Census Midwest	Michigan	2009	36.46922377	1
NAEP Reading 4	Census Midwest	Michigan	2011	37.82461174	1
NAEP Reading 4	Census Midwest	Michigan	2013	34.87203623	1
NAEP Reading 4	Census Midwest	Michigan	2015	27.95579889	2
NAEP Reading 4	Census Midwest	Minnesota	2007	38.77674302	1
NAEP Reading 4	Census Midwest	Minnesota	2009	37.9909758	2
NAEP Reading 4	Census Midwest	Minnesota	2011	33.78991468	3
NAEP Reading 4	Census Midwest	Minnesota	2013	39.91878309	3
NAEP Reading 4	Census Midwest	Minnesota	2015	40.79999995	2
NAEP Reading 4	Census South	Mississippi	2007	19.25503727	2
NAEP Reading 4	Census South	Mississippi	2009	24.76445293	2
NAEP Reading 4	Census South	Mississippi	2011	24.81854283	1
NAEP Reading 4	Census South	Mississippi	2013	25.09930041	1
NAEP Reading 4	Census South	Mississippi	2015	29.66927249	2
NAEP Reading 4	Census Midwest	Missouri	2007	30.48039217	3
NAEP Reading 4	Census Midwest	Missouri	2009	37.38070308	2
NAEP Reading 4	Census Midwest	Missouri	2011	33.34747277	2
NAEP Reading 4	Census Midwest	Missouri	2013	36.65214237	3
NAEP Reading 4	Census Midwest	Missouri	2015	40.75824095	2
NAEP Reading 4	Census West	Montana	2007	34.80146093	4
NAEP Reading 4	Census West	Montana	2009	32.19248323	4
NAEP Reading 4	Census West	Montana	2011	35.29574859	2
NAEP Reading 4	Census West	Montana	2013	34.62003903	3
NAEP Reading 4	Census West	Montana	2015	36.17444432	3
NAEP Reading 4	Census Midwest	Nebraska	2007	38.35688703	2
NAEP Reading 4	Census Midwest	Nebraska	2009	34.49679973	3
NAEP Reading 4	Census Midwest	Nebraska	2011	38.95292172	2
NAEP Reading 4	Census Midwest	Nebraska	2013	39.01694481	2
NAEP Reading 4	Census Midwest	Nebraska	2015	39.91873424	2
NAEP Reading 4	Census West	Nevada	2007	32.88293082	1
NAEP Reading 4	Census West	Nevada	2009	34.02815523	1
NAEP Reading 4	Census West	Nevada	2011	32.16276165	1
NAEP Reading 4	Census West	Nevada	2013	34.74674995	1
NAEP Reading 4	Census West	Nevada	2015	34.3776817	2
NAEP Reading 4	Census Northeast	New Hampshire	2007	41.39299626	2
NAEP Reading 4	Census Northeast	New Hampshire	2009	42.23368745	2
NAEP Reading 4	Census Northeast	New Hampshire	2011	45.66448916	2
NAEP Reading 4	Census Northeast	New Hampshire	2013	44.91267109	2
NAEP Reading 4	Census Northeast	New Hampshire	2015	47.59020213	2
NAEP Reading 4	Census Northeast	New Jersey	2007	52.86826386	1
NAEP Reading 4	Census Northeast	New Jersey	2009	45.90014938	1
NAEP Reading 4	Census Northeast	New Jersey	2011	53.64267372	1
NAEP Reading 4	Census Northeast	New Jersey	2013	48.64212216	1
NAEP Reading 4	Census Northeast	New Jersey	2015	50.77180298	1
NAEP Reading 4	Census West	New Mexico	2007	20.08528642	4
NAEP Reading 4	Census West	New Mexico	2009	17.65360401	3
NAEP Reading 4	Census West	New Mexico	2011	20.96537706	2
NAEP Reading 4	Census West	New Mexico	2013	21.64599425	2
NAEP Reading 4	Census West	New Mexico	2015	20.5775051	3
NAEP Reading 4	Census Northeast	New York	2007	42.58530656	2
NAEP Reading 4	Census Northeast	New York	2009	37.29906489	3
NAEP Reading 4	Census Northeast	New York	2011	34.12041623	2
NAEP Reading 4	Census Northeast	New York	2013	33.93745235	3
NAEP Reading 4	Census Northeast	New York	2015	36.34991561	2
NAEP Reading 4	Census South	North Carolina	2007	28.26569222	3
NAEP Reading 4	Census South	North Carolina	2009	30.54779166	3
NAEP Reading 4	Census South	North Carolina	2011	31.87086336	4
NAEP Reading 4	Census South	North Carolina	2013	32.63515311	4
NAEP Reading 4	Census South	North Carolina	2015	36.77434634	3
NAEP Reading 4	Census Midwest	North Dakota	2007	31.17631063	4
NAEP Reading 4	Census Midwest	North Dakota	2009	33.83513656	4
NAEP Reading 4	Census Midwest	North Dakota	2011	35.16153424	4
NAEP Reading 4	Census Midwest	North Dakota	2013	31.64795266	3
NAEP Reading 4	Census Midwest	North Dakota	2015	34.6514284	4
NAEP Reading 4	Census Midwest	Ohio	2007	36.29113276	2
NAEP Reading 4	Census Midwest	Ohio	2009	36.27714578	2
NAEP Reading 4	Census Midwest	Ohio	2011	34.63643959	2
NAEP Reading 4	Census Midwest	Ohio	2013	43.01273931	1
NAEP Reading 4	Census Midwest	Ohio	2015	37.21959966	3
NAEP Reading 4	Census South	Oklahoma	2007	27.11959956	2
NAEP Reading 4	Census South	Oklahoma	2009	28.97124019	2
NAEP Reading 4	Census South	Oklahoma	2011	28.31813216	2
NAEP Reading 4	Census South	Oklahoma	2013	32.21550098	2
NAEP Reading 4	Census South	Oklahoma	2015	33.78235635	2
NAEP Reading 4	Census West	Oregon	2007	27.77010953	3
NAEP Reading 4	Census West	Oregon	2009	28.47892372	3
NAEP Reading 4	Census West	Oregon	2011	27.22999149	3
NAEP Reading 4	Census West	Oregon	2013	28.96833748	3
NAEP Reading 4	Census West	Oregon	2015	32.4548789	2
NAEP Reading 4	Census Northeast	Pennsylvania	2007	43.50231866	2
NAEP Reading 4	Census Northeast	Pennsylvania	2009	39.1584205	2
NAEP Reading 4	Census Northeast	Pennsylvania	2011	42.34159318	2
NAEP Reading 4	Census Northeast	Pennsylvania	2013	43.92228347	2
NAEP Reading 4	Census Northeast	Pennsylvania	2015	39.62743462	2
NAEP Reading 4	Census Northeast	Rhode Island	2007	42.91493979	1
NAEP Reading 4	Census Northeast	Rhode Island	2009	43.04211849	1
NAEP Reading 4	Census Northeast	Rhode Island	2011	50.16901947	1
NAEP Reading 4	Census Northeast	Rhode Island	2013	52.31721199	1
NAEP Reading 4	Census Northeast	Rhode Island	2015	48.66815448	1
NAEP Reading 4	Census South	South Carolina	2007	25.01736686	2
NAEP Reading 4	Census South	South Carolina	2009	26.96475904	3
NAEP Reading 4	Census South	South Carolina	2011	26.40006039	3
NAEP Reading 4	Census South	South Carolina	2013	26.46193152	3
NAEP Reading 4	Census South	South Carolina	2015	32.6639045	2
NAEP Reading 4	Census Midwest	South Dakota	2007	30.00803578	3
NAEP Reading 4	Census Midwest	South Dakota	2009	31.84716271	3
NAEP Reading 4	Census Midwest	South Dakota	2011	29.5644058	3
NAEP Reading 4	Census Midwest	South Dakota	2013	29.09822979	3
NAEP Reading 4	Census Midwest	South Dakota	2015	30.61176632	3
NAEP Reading 4	Census South	Tennessee	2007	29.94817392	2
NAEP Reading 4	Census South	Tennessee	2009	28.17594893	2
NAEP Reading 4	Census South	Tennessee	2011	28.85713314	2
NAEP Reading 4	Census South	Tennessee	2013	31.23287978	3
NAEP Reading 4	Census South	Tennessee	2015	27.92923548	4
NAEP Reading 4	Census South	Texas	2007	32.69729531	1
NAEP Reading 4	Census South	Texas	2009	29.01257516	2
NAEP Reading 4	Census South	Texas	2011	33.45798155	1
NAEP Reading 4	Census South	Texas	2013	30.67992815	1
NAEP Reading 4	Census South	Texas	2015	33.09449992	1
NAEP Reading 4	Census West	Utah	2007	34.29620549	2
NAEP Reading 4	Census West	Utah	2009	37.14481641	1
NAEP Reading 4	Census West	Utah	2011	38.46298521	1
NAEP Reading 4	Census West	Utah	2013	40.54357027	2
NAEP Reading 4	Census West	Utah	2015	42.56232077	1
NAEP Reading 4	Census Northeast	Vermont	2007	-9	-8
NAEP Reading 4	Census Northeast	Vermont	2009	-9	-8
NAEP Reading 4	Census Northeast	Vermont	2011	-9	-8
NAEP Reading 4	Census Northeast	Vermont	2013	-9	-8
NAEP Reading 4	Census Northeast	Vermont	2015	-9	-8
NAEP Reading 4	Census South	Virginia	2007	32.54859007	4
NAEP Reading 4	Census South	Virginia	2009	37.56563912	2
NAEP Reading 4	Census South	Virginia	2011	39.54277297	2
NAEP Reading 4	Census South	Virginia	2013	45.42636225	2
NAEP Reading 4	Census South	Virginia	2015	31.04024075	4
NAEP Reading 4	Census West	Washington	2007	35.72667727	2
NAEP Reading 4	Census West	Washington	2009	27.95289039	3
NAEP Reading 4	Census West	Washington	2011	32.27498143	3
NAEP Reading 4	Census West	Washington	2013	41.17076236	2
NAEP Reading 4	Census West	Washington	2015	33.26364541	3
NAEP Reading 4	Census South	West Virginia	2007	24.11660307	4
NAEP Reading 4	Census South	West Virginia	2009	23.63403005	4
NAEP Reading 4	Census South	West Virginia	2011	22.15980034	4
NAEP Reading 4	Census South	West Virginia	2013	25.13254754	3
NAEP Reading 4	Census South	West Virginia	2015	28.77627491	3
NAEP Reading 4	Census Midwest	Wisconsin	2007	34.57953899	3
NAEP Reading 4	Census Midwest	Wisconsin	2009	33.1954383	3
NAEP Reading 4	Census Midwest	Wisconsin	2011	38.21380662	1
NAEP Reading 4	Census Midwest	Wisconsin	2013	36.79359399	3
NAEP Reading 4	Census Midwest	Wisconsin	2015	39.71229545	2
NAEP Reading 4	Census West	Wyoming	2007	35.13280168	3
NAEP Reading 4	Census West	Wyoming	2009	33.49183997	1
NAEP Reading 4	Census West	Wyoming	2011	35.85517366	1
NAEP Reading 4	Census West	Wyoming	2013	36.63327314	2
NAEP Reading 4	Census West	Wyoming	2015	40.68228712	2
NAEP Reading 8	Census South	Alabama	2007	21.23360075	3
NAEP Reading 8	Census South	Alabama	2009	22.85141944	3
NAEP Reading 8	Census South	Alabama	2011	24.98005567	3
NAEP Reading 8	Census South	Alabama	2013	24.6312077	3
NAEP Reading 8	Census South	Alabama	2015	23.13855677	4
NAEP Reading 8	Census West	Alaska	2007	-9	-8
NAEP Reading 8	Census West	Alaska	2009	-9	-8
NAEP Reading 8	Census West	Alaska	2011	-9	-8
NAEP Reading 8	Census West	Alaska	2013	-9	-8
NAEP Reading 8	Census West	Alaska	2015	-9	-8
NAEP Reading 8	Census West	Arizona	2007	23.6123103	2
NAEP Reading 8	Census West	Arizona	2009	26.71587445	2
NAEP Reading 8	Census West	Arizona	2011	27.48471338	2
NAEP Reading 8	Census West	Arizona	2013	28.42840872	2
NAEP Reading 8	Census West	Arizona	2015	25.14844841	3
NAEP Reading 8	Census South	Arkansas	2007	25.48724397	3
NAEP Reading 8	Census South	Arkansas	2009	25.66573022	4
NAEP Reading 8	Census South	Arkansas	2011	26.59228178	3
NAEP Reading 8	Census South	Arkansas	2013	28.29571508	3
NAEP Reading 8	Census South	Arkansas	2015	25.23900634	3
NAEP Reading 8	Census West	California	2007	21.39055702	2
NAEP Reading 8	Census West	California	2009	27.60606043	1
NAEP Reading 8	Census West	California	2011	26.23327558	2
NAEP Reading 8	Census West	California	2013	35.05635137	1
NAEP Reading 8	Census West	California	2015	30.20944579	2
NAEP Reading 8	Census West	Colorado	2007	42.18029608	1
NAEP Reading 8	Census West	Colorado	2009	38.25039089	1
NAEP Reading 8	Census West	Colorado	2011	44.39410637	1
NAEP Reading 8	Census West	Colorado	2013	48.04801885	1
NAEP Reading 8	Census West	Colorado	2015	44.85065499	1
NAEP Reading 8	Census Northeast	Connecticut	2007	49.9871775	1
NAEP Reading 8	Census Northeast	Connecticut	2009	53.88162621	1
NAEP Reading 8	Census Northeast	Connecticut	2011	56.20155477	1
NAEP Reading 8	Census Northeast	Connecticut	2013	56.0814154	1
NAEP Reading 8	Census Northeast	Connecticut	2015	49.21113288	1
NAEP Reading 8	Census South	Delaware	2007	37.27467604	1
NAEP Reading 8	Census South	Delaware	2009	35.74072188	1
NAEP Reading 8	Census South	Delaware	2011	41.09571083	1
NAEP Reading 8	Census South	Delaware	2013	36.3578883	1
NAEP Reading 8	Census South	Delaware	2015	38.46144625	1
NAEP Reading 8	Census South	District of Columbia	2007	-9	-8
NAEP Reading 8	Census South	District of Columbia	2009	-9	-8
NAEP Reading 8	Census South	District of Columbia	2011	-9	-8
NAEP Reading 8	Census South	District of Columbia	2013	-9	-8
NAEP Reading 8	Census South	District of Columbia	2015	-9	-8
NAEP Reading 8	Census South	Florida	2007	33.28001883	1
NAEP Reading 8	Census South	Florida	2009	28.56942716	3
NAEP Reading 8	Census South	Florida	2011	30.52246674	1
NAEP Reading 8	Census South	Florida	2013	34.46338637	1
NAEP Reading 8	Census South	Florida	2015	27.63412855	3
NAEP Reading 8	Census South	Georgia	2007	27.04105349	1
NAEP Reading 8	Census South	Georgia	2009	26.04160382	2
NAEP Reading 8	Census South	Georgia	2011	28.50074976	2
NAEP Reading 8	Census South	Georgia	2013	28.41705552	3
NAEP Reading 8	Census South	Georgia	2015	26.95703822	3
NAEP Reading 8	Census West	Hawaii	2007	18.563519	4
NAEP Reading 8	Census West	Hawaii	2009	22.27622884	2
NAEP Reading 8	Census West	Hawaii	2011	26.05004921	2
NAEP Reading 8	Census West	Hawaii	2013	24.64460109	4
NAEP Reading 8	Census West	Hawaii	2015	23.69506834	3
NAEP Reading 8	Census West	Idaho	2007	30.24485508	3
NAEP Reading 8	Census West	Idaho	2009	30.592775	3
NAEP Reading 8	Census West	Idaho	2011	29.8036491	4
NAEP Reading 8	Census West	Idaho	2013	37.5788287	3
NAEP Reading 8	Census West	Idaho	2015	33.7489757	4
NAEP Reading 8	Census Midwest	Illinois	2007	34.15400572	1
NAEP Reading 8	Census Midwest	Illinois	2009	39.60919276	1
NAEP Reading 8	Census Midwest	Illinois	2011	36.25668076	2
NAEP Reading 8	Census Midwest	Illinois	2013	44.54980962	1
NAEP Reading 8	Census Midwest	Illinois	2015	40.60829516	1
NAEP Reading 8	Census Midwest	Indiana	2007	37.23230979	1
NAEP Reading 8	Census Midwest	Indiana	2009	34.20392246	1
NAEP Reading 8	Census Midwest	Indiana	2011	34.44027587	2
NAEP Reading 8	Census Midwest	Indiana	2013	38.68552251	1
NAEP Reading 8	Census Midwest	Indiana	2015	36.86622974	2
NAEP Reading 8	Census Midwest	Iowa	2007	39.4434255	2
NAEP Reading 8	Census Midwest	Iowa	2009	35.69155346	1
NAEP Reading 8	Census Midwest	Iowa	2011	35.73635635	2
NAEP Reading 8	Census Midwest	Iowa	2013	37.12650218	2
NAEP Reading 8	Census Midwest	Iowa	2015	36.52457005	2
NAEP Reading 8	Census Midwest	Kansas	2007	42.11763889	1
NAEP Reading 8	Census Midwest	Kansas	2009	35.63906061	2
NAEP Reading 8	Census Midwest	Kansas	2011	39.9205426	2
NAEP Reading 8	Census Midwest	Kansas	2013	40.904807	2
NAEP Reading 8	Census Midwest	Kansas	2015	37.76287465	2
NAEP Reading 8	Census South	Kentucky	2007	25.73752669	4
NAEP Reading 8	Census South	Kentucky	2009	31.85621267	3
NAEP Reading 8	Census South	Kentucky	2011	38.97397637	1
NAEP Reading 8	Census South	Kentucky	2013	37.79016052	2
NAEP Reading 8	Census South	Kentucky	2015	38.6710776	1
NAEP Reading 8	Census South	Louisiana	2007	21.67163945	2
NAEP Reading 8	Census South	Louisiana	2009	19.50890563	3
NAEP Reading 8	Census South	Louisiana	2011	26.15638101	1
NAEP Reading 8	Census South	Louisiana	2013	24.60995518	2
NAEP Reading 8	Census South	Louisiana	2015	24.95699534	2
NAEP Reading 8	Census Northeast	Maine	2007	35.49599676	3
NAEP Reading 8	Census Northeast	Maine	2009	33.99517496	2
NAEP Reading 8	Census Northeast	Maine	2011	37.7120517	3
NAEP Reading 8	Census Northeast	Maine	2013	36.24814972	4
NAEP Reading 8	Census Northeast	Maine	2015	35.00364034	3
NAEP Reading 8	Census South	Maryland	2007	41.13151634	1
NAEP Reading 8	Census South	Maryland	2009	41.35013279	1
NAEP Reading 8	Census South	Maryland	2011	51.37293147	1
NAEP Reading 8	Census South	Maryland	2013	46.28707656	1
NAEP Reading 8	Census South	Maryland	2015	42.74057188	1
NAEP Reading 8	Census Northeast	Massachusetts	2007	45.71275453	2
NAEP Reading 8	Census Northeast	Massachusetts	2009	53.7377669	1
NAEP Reading 8	Census Northeast	Massachusetts	2011	49.05104211	2
NAEP Reading 8	Census Northeast	Massachusetts	2013	52.35527343	2
NAEP Reading 8	Census Northeast	Massachusetts	2015	41.91401891	2
NAEP Reading 8	Census Midwest	Michigan	2007	29.12639603	3
NAEP Reading 8	Census Midwest	Michigan	2009	32.01742429	3
NAEP Reading 8	Census Midwest	Michigan	2011	34.73524268	1
NAEP Reading 8	Census Midwest	Michigan	2013	29.70357373	3
NAEP Reading 8	Census Midwest	Michigan	2015	29.24350057	3
NAEP Reading 8	Census Midwest	Minnesota	2007	33.00575473	3
NAEP Reading 8	Census Midwest	Minnesota	2009	34.04101699	4
NAEP Reading 8	Census Midwest	Minnesota	2011	40.48673756	2
NAEP Reading 8	Census Midwest	Minnesota	2013	40.01116497	2
NAEP Reading 8	Census Midwest	Minnesota	2015	36.76319797	3
NAEP Reading 8	Census South	Mississippi	2007	17.69540906	2
NAEP Reading 8	Census South	Mississippi	2009	19.15085794	2
NAEP Reading 8	Census South	Mississippi	2011	20.93341164	3
NAEP Reading 8	Census South	Mississippi	2013	23.32182302	2
NAEP Reading 8	Census South	Mississippi	2015	20.42991276	2
NAEP Reading 8	Census Midwest	Missouri	2007	32.12952783	2
NAEP Reading 8	Census Midwest	Missouri	2009	31.97646344	3
NAEP Reading 8	Census Midwest	Missouri	2011	36.18963778	2
NAEP Reading 8	Census Midwest	Missouri	2013	37.93461204	2
NAEP Reading 8	Census Midwest	Missouri	2015	37.24211202	3
NAEP Reading 8	Census West	Montana	2007	39.33204853	3
NAEP Reading 8	Census West	Montana	2009	38.41321807	2
NAEP Reading 8	Census West	Montana	2011	41.85094262	2
NAEP Reading 8	Census West	Montana	2013	41.06497622	2
NAEP Reading 8	Census West	Montana	2015	41.61446942	1
NAEP Reading 8	Census Midwest	Nebraska	2007	36.38415051	1
NAEP Reading 8	Census Midwest	Nebraska	2009	37.54408002	2
NAEP Reading 8	Census Midwest	Nebraska	2011	37.36852834	1
NAEP Reading 8	Census Midwest	Nebraska	2013	36.9773949	3
NAEP Reading 8	Census Midwest	Nebraska	2015	39.94736799	2
NAEP Reading 8	Census West	Nevada	2007	21.41351885	3
NAEP Reading 8	Census West	Nevada	2009	25.64633445	1
NAEP Reading 8	Census West	Nevada	2011	31.86053362	2
NAEP Reading 8	Census West	Nevada	2013	33.65025285	1
NAEP Reading 8	Census West	Nevada	2015	25.97188554	3
NAEP Reading 8	Census Northeast	New Hampshire	2007	40.73628099	1
NAEP Reading 8	Census Northeast	New Hampshire	2009	44.04767043	1
NAEP Reading 8	Census Northeast	New Hampshire	2011	45.62646634	1
NAEP Reading 8	Census Northeast	New Hampshire	2013	47.07759832	2
NAEP Reading 8	Census Northeast	New Hampshire	2015	44.6483721	2
NAEP Reading 8	Census Northeast	New Jersey	2007	44.44090185	1
NAEP Reading 8	Census Northeast	New Jersey	2009	44.27604444	1
NAEP Reading 8	Census Northeast	New Jersey	2011	50.71325187	1
NAEP Reading 8	Census Northeast	New Jersey	2013	53.69060472	1
NAEP Reading 8	Census Northeast	New Jersey	2015	55.42195236	1
NAEP Reading 8	Census West	New Mexico	2007	14.63700782	4
NAEP Reading 8	Census West	New Mexico	2009	21.24735625	3
NAEP Reading 8	Census West	New Mexico	2011	19.02435836	4
NAEP Reading 8	Census West	New Mexico	2013	19.80769345	4
NAEP Reading 8	Census West	New Mexico	2015	17.01959888	4
NAEP Reading 8	Census Northeast	New York	2007	36.83741634	3
NAEP Reading 8	Census Northeast	New York	2009	35.17514866	3
NAEP Reading 8	Census Northeast	New York	2011	42.08812018	2
NAEP Reading 8	Census Northeast	New York	2013	39.66877714	3
NAEP Reading 8	Census Northeast	New York	2015	37.60511481	2
NAEP Reading 8	Census South	North Carolina	2007	27.27674209	2
NAEP Reading 8	Census South	North Carolina	2009	26.02549053	4
NAEP Reading 8	Census South	North Carolina	2011	30.99745596	3
NAEP Reading 8	Census South	North Carolina	2013	31.52640849	3
NAEP Reading 8	Census South	North Carolina	2015	27.60260702	3
NAEP Reading 8	Census Midwest	North Dakota	2007	35.08313834	1
NAEP Reading 8	Census Midwest	North Dakota	2009	32.5377306	4
NAEP Reading 8	Census Midwest	North Dakota	2011	33.08597341	3
NAEP Reading 8	Census Midwest	North Dakota	2013	33.55005323	2
NAEP Reading 8	Census Midwest	North Dakota	2015	30.29362555	4
NAEP Reading 8	Census Midwest	Ohio	2007	42.83078295	1
NAEP Reading 8	Census Midwest	Ohio	2009	38.73945517	2
NAEP Reading 8	Census Midwest	Ohio	2011	41.19892101	2
NAEP Reading 8	Census Midwest	Ohio	2013	43.1349081	2
NAEP Reading 8	Census Midwest	Ohio	2015	33.39867922	3
NAEP Reading 8	Census South	Oklahoma	2007	26.42040011	2
NAEP Reading 8	Census South	Oklahoma	2009	25.23997444	3
NAEP Reading 8	Census South	Oklahoma	2011	25.52971262	3
NAEP Reading 8	Census South	Oklahoma	2013	29.32201877	2
NAEP Reading 8	Census South	Oklahoma	2015	26.98181525	3
NAEP Reading 8	Census West	Oregon	2007	31.70183194	4
NAEP Reading 8	Census West	Oregon	2009	33.92372887	2
NAEP Reading 8	Census West	Oregon	2011	31.59097018	3
NAEP Reading 8	Census West	Oregon	2013	36.87151709	3
NAEP Reading 8	Census West	Oregon	2015	41.8354758	1
NAEP Reading 8	Census Northeast	Pennsylvania	2007	34.87901601	2
NAEP Reading 8	Census Northeast	Pennsylvania	2009	39.95177253	2
NAEP Reading 8	Census Northeast	Pennsylvania	2011	43.01955738	1
NAEP Reading 8	Census Northeast	Pennsylvania	2013	46.0242958	2
NAEP Reading 8	Census Northeast	Pennsylvania	2015	44.73809404	2
NAEP Reading 8	Census Northeast	Rhode Island	2007	33.89589488	1
NAEP Reading 8	Census Northeast	Rhode Island	2009	33.34701989	2
NAEP Reading 8	Census Northeast	Rhode Island	2011	39.42402472	1
NAEP Reading 8	Census Northeast	Rhode Island	2013	46.95352571	2
NAEP Reading 8	Census Northeast	Rhode Island	2015	51.62907475	1
NAEP Reading 8	Census South	South Carolina	2007	24.39106223	3
NAEP Reading 8	Census South	South Carolina	2009	23.97189187	3
NAEP Reading 8	Census South	South Carolina	2011	24.79857665	3
NAEP Reading 8	Census South	South Carolina	2013	28.81926947	3
NAEP Reading 8	Census South	South Carolina	2015	24.18685444	3
NAEP Reading 8	Census Midwest	South Dakota	2007	37.46107125	2
NAEP Reading 8	Census Midwest	South Dakota	2009	36.13708471	2
NAEP Reading 8	Census Midwest	South Dakota	2011	32.33062209	3
NAEP Reading 8	Census Midwest	South Dakota	2013	34.64424091	3
NAEP Reading 8	Census Midwest	South Dakota	2015	33.16734188	2
NAEP Reading 8	Census South	Tennessee	2007	25.54865591	3
NAEP Reading 8	Census South	Tennessee	2009	29.19923462	2
NAEP Reading 8	Census South	Tennessee	2011	27.95738874	2
NAEP Reading 8	Census South	Tennessee	2013	34.13296949	2
NAEP Reading 8	Census South	Tennessee	2015	30.80911325	2
NAEP Reading 8	Census South	Texas	2007	31.04865398	2
NAEP Reading 8	Census South	Texas	2009	28.16887851	2
NAEP Reading 8	Census South	Texas	2011	29.42881286	2
NAEP Reading 8	Census South	Texas	2013	39.67807946	1
NAEP Reading 8	Census South	Texas	2015	27.30028215	2
NAEP Reading 8	Census West	Utah	2007	33.67454863	1
NAEP Reading 8	Census West	Utah	2009	39.95015492	1
NAEP Reading 8	Census West	Utah	2011	30.12125491	4
NAEP Reading 8	Census West	Utah	2013	38.86738533	3
NAEP Reading 8	Census West	Utah	2015	38.21469398	2
NAEP Reading 8	Census Northeast	Vermont	2007	-9	-8
NAEP Reading 8	Census Northeast	Vermont	2009	-9	-8
NAEP Reading 8	Census Northeast	Vermont	2011	-9	-8
NAEP Reading 8	Census Northeast	Vermont	2013	-9	-8
NAEP Reading 8	Census Northeast	Vermont	2015	-9	-8
NAEP Reading 8	Census South	Virginia	2007	31.49554895	2
NAEP Reading 8	Census South	Virginia	2009	29.86508156	2
NAEP Reading 8	Census South	Virginia	2011	31.58907053	3
NAEP Reading 8	Census South	Virginia	2013	35.40512032	2
NAEP Reading 8	Census South	Virginia	2015	29.70433938	3
NAEP Reading 8	Census West	Washington	2007	32.03179256	3
NAEP Reading 8	Census West	Washington	2009	35.58753224	3
NAEP Reading 8	Census West	Washington	2011	34.80699328	3
NAEP Reading 8	Census West	Washington	2013	39.08656165	4
NAEP Reading 8	Census West	Washington	2015	34.77007146	3
NAEP Reading 8	Census South	West Virginia	2007	20.06389762	4
NAEP Reading 8	Census South	West Virginia	2009	21.96513785	3
NAEP Reading 8	Census South	West Virginia	2011	22.09907315	4
NAEP Reading 8	Census South	West Virginia	2013	22.96340986	4
NAEP Reading 8	Census South	West Virginia	2015	26.55431673	3
NAEP Reading 8	Census Midwest	Wisconsin	2007	33.977697	2
NAEP Reading 8	Census Midwest	Wisconsin	2009	37.39762558	2
NAEP Reading 8	Census Midwest	Wisconsin	2011	35.03674889	3
NAEP Reading 8	Census Midwest	Wisconsin	2013	37.29055759	3
NAEP Reading 8	Census Midwest	Wisconsin	2015	43.37972347	2
NAEP Reading 8	Census West	Wyoming	2007	32.29997086	2
NAEP Reading 8	Census West	Wyoming	2009	33.65289983	2
NAEP Reading 8	Census West	Wyoming	2011	35.33127637	3
NAEP Reading 8	Census West	Wyoming	2013	34.50668382	3
NAEP Reading 8	Census West	Wyoming	2015	39.05195499	1
